{"cameraMode":{"drawMode":0,"name":"Shaded","section":"Shading Mode"},"sceneLighting":false,"audioPlay":false,"sceneViewState":{"m_AlwaysRefresh":false,"showFog":true,"showSkybox":false,"showFlares":true,"showImageEffects":true,"showParticleSystems":true,"showVisualEffectGraphs":true,"m_FxEnabled":true},"in2DMode":false,"pivot":{"x":-3.911407470703125,"y":0.8035837411880493,"z":1.0662870407104493},"rotation":{"x":-0.023411406204104425,"y":0.929552435874939,"z":-0.06005821004509926,"w":-0.36311742663383486},"size":1.6824290752410889,"orthographic":false}