{"cameraMode":{"drawMode":0,"name":"Shaded","section":"Shading Mode"},"sceneLighting":false,"audioPlay":false,"sceneViewState":{"m_AlwaysRefresh":false,"showFog":true,"showSkybox":false,"showFlares":true,"showImageEffects":true,"showParticleSystems":true,"showVisualEffectGraphs":true,"m_FxEnabled":true},"in2DMode":false,"pivot":{"x":1.0484066009521485,"y":1.4108092784881592,"z":-0.051422834396362308},"rotation":{"x":-0.16933326423168183,"y":-0.5286505818367004,"z":0.10852023959159851,"w":-0.8246908783912659},"size":3.689267635345459,"orthographic":false}