{"cameraMode":{"drawMode":0,"name":"Shaded","section":"Shading Mode"},"sceneLighting":false,"audioPlay":false,"sceneViewState":{"m_AlwaysRefresh":false,"showFog":true,"showSkybox":false,"showFlares":true,"showImageEffects":true,"showParticleSystems":true,"showVisualEffectGraphs":true,"m_FxEnabled":true},"in2DMode":false,"pivot":{"x":-1.371000051498413,"y":1.2316097021102906,"z":-0.3930000066757202},"rotation":{"x":-0.22545671463012696,"y":0.7447176575660706,"z":-0.3061341643333435,"w":-0.5485287308692932},"size":-0.0009826559107750655,"orthographic":false}