{"cameraMode":{"drawMode":0,"name":"Shaded","section":"Shading Mode"},"sceneLighting":false,"audioPlay":false,"sceneViewState":{"m_AlwaysRefresh":false,"showFog":true,"showSkybox":false,"showFlares":true,"showImageEffects":true,"showParticleSystems":true,"showVisualEffectGraphs":true,"m_FxEnabled":true},"in2DMode":false,"pivot":{"x":-0.01127920113503933,"y":-0.06957805156707764,"z":-0.06259709596633911},"rotation":{"x":0.0534985326230526,"y":0.7929320931434631,"z":-0.07035505771636963,"w":0.6028954386711121},"size":0.4035252630710602,"orthographic":false}